asset,title,severity,cve,cvss,cvss_vector,cwe,description,recommendation,component,port,url,evidence
Payments API Gateway,Apache Log4j2 JNDI remote code execution (Log4Shell),critical,CVE-2021-44228,10.0,CVSS:3.1/AV:N/AC:L/PR:N/UI:N/S:C/C:H/I:H/A:H,CWE-502,"A crafted request header reaches Log4j2's JNDI lookup, letting an unauthenticated caller load and run remote code as the service account.","Upgrade log4j-core to 2.17.1 or later. Removing the JndiLookup class is a stopgap, not a fix.",log4j-core 2.14.1,443,https://pay-api.example.com/v1/authorise,Payload in the X-Api-Client header triggered an outbound LDAP callback to the test collector.
Customer Portal,Spring Framework data binding remote code execution (Spring4Shell),critical,CVE-2022-22965,9.8,CVSS:3.1/AV:N/AC:L/PR:N/UI:N/S:U/C:H/I:H/A:H,CWE-94,Data binding on a JDK 9+ deployment lets an attacker reach the class loader and write a web shell.,Upgrade Spring Framework to 5.3.18 or 5.2.20.,spring-beans 5.3.16,8443,https://portal.example.com/account/profile,"Crafted class.module.classLoader parameter changed the access log pattern, confirming the write primitive."
Core Banking Database,Apache Commons Text interpolation remote code execution (Text4Shell),critical,CVE-2022-42889,9.8,CVSS:3.1/AV:N/AC:L/PR:N/UI:N/S:U/C:H/I:H/A:H,CWE-94,"StringSubstitutor interpolation evaluates script and DNS lookups, so attacker controlled text becomes code execution.",Upgrade commons-text to 1.10.0 or later.,commons-text 1.9,5432,,A ${script:javascript:...} value in a reconciliation import field executed on the batch host.
Marketing Website,libwebp heap buffer overflow in WebP decoding,high,CVE-2023-4863,8.8,CVSS:3.1/AV:N/AC:L/PR:N/UI:R/S:U/C:H/I:H/A:H,CWE-787,"A malformed WebP image overflows the Huffman table during decode, giving memory corruption in anything rendering the file.",Update libwebp to 1.3.2 and rebuild every image handling dependency that vendors it.,libwebp 1.2.4,443,https://www.example.com/assets/hero.webp,Malformed WebP crashed the image resizer worker with a heap overflow in ReadHuffmanCodes.
Employee Laptop Fleet,Windows Print Spooler remote code execution (PrintNightmare),high,CVE-2021-34527,8.8,CVSS:3.1/AV:N/AC:L/PR:L/UI:N/S:C/C:H/I:H/A:H,CWE-269,An authenticated user can load a driver through the Print Spooler and gain SYSTEM on the endpoint.,Apply the July 2021 cumulative update and restrict Point and Print to administrators.,Print Spooler,445,,Standard user account loaded a driver from a UNC path and obtained a SYSTEM shell on a test laptop.
Payments API Gateway,curl SOCKS5 proxy heap buffer overflow,high,CVE-2023-38545,8.8,CVSS:3.1/AV:N/AC:H/PR:N/UI:N/S:U/C:H/I:H/A:H,CWE-787,An over-long hostname passed through a SOCKS5 proxy handshake overflows the heap in libcurl.,Upgrade curl and libcurl to 8.4.0 or later in the gateway image.,libcurl 8.3.0,443,,The gateway reaches the acquirer through a SOCKS5 proxy and ships libcurl 8.3.0.
Corporate VPN Concentrator,OpenSSL X.509 email address punycode buffer overflow,high,CVE-2022-3602,7.5,CVSS:3.1/AV:N/AC:H/PR:N/UI:N/S:U/C:H/I:H/A:H,CWE-787,A crafted certificate with a punycode email field overflows a stack buffer during name checks.,Upgrade OpenSSL to 3.0.7 or later on the concentrator.,OpenSSL 3.0.5,443,,"Client certificate validation path links OpenSSL 3.0.5, which is in the affected range."
Analytics Warehouse,OpenSSL X.509 policy constraints denial of service,medium,CVE-2023-2650,6.5,CVSS:3.1/AV:N/AC:L/PR:N/UI:N/S:U/C:N/I:N/A:L,CWE-400,Processing a certificate with excessive policy constraints consumes disproportionate CPU during validation.,Upgrade OpenSSL to 3.1.1 / 3.0.9 and bound policy chain depth at the loader.,OpenSSL 3.0.8,443,,Nightly loader spent over eight seconds validating a crafted certificate from a partner feed.
CI Build Runners,setuptools regular expression denial of service in package parsing,medium,CVE-2022-40897,5.9,CVSS:3.1/AV:N/AC:H/PR:N/UI:N/S:U/C:N/I:N/A:H,CWE-1333,"A crafted package index page makes setuptools' HTML parser backtrack catastrophically, stalling the build.",Upgrade setuptools to 65.5.1 or later in the runner base image.,setuptools 63.2.0,,,A dependency resolution step hung for eleven minutes against a mirrored index page.
Clinical Records Store,curl FTP PASV response handling connects to an arbitrary host,low,CVE-2020-8284,3.7,CVSS:3.1/AV:N/AC:H/PR:N/UI:N/S:U/C:L/I:N/A:N,CWE-200,A malicious FTP server can steer curl's passive-mode data connection to a host of its choosing.,"Upgrade curl to 7.74.0 or later, and disable passive FTP on the archive job.",curl 7.68.0,21,,The nightly archive export still uses passive FTP to a third-party retention provider.
